id,firstname,lastname,age
1,James,Smith,28
2,Mary,Johnson,34
3,Robert,Williams,45
4,Patricia,Brown,30
5,John,Jones,25
6,Jennifer,Garcia,32
7,Michael,Miller,40
8,Linda,Davis,29
9,William,Rodriguez,37
10,Elizabeth,Martinez,26
11,David,Taylor,21
12,Barbara,Thomas,23
13,Richard,Jackson,36
14,Susan,White,41
15,Joseph,Harris,29
16,Margaret,Lee,35
17,Charles,Clark,33
18,Jessica,Lewis,27
19,Thomas,Walker,31
20,Sarah,Robinson,24
21,Karen,Hall,28
22,Brian,Young,30
23,Nancy,Allen,22
24,Gary,King,34
25,Diane,Wright,39
26,Lisa,Scott,26
27,Kevin,Green,42
28,Edward,Adams,37
29,Deborah,Baker,31
30,Mark,Gonzalez,45
31,Jennifer,Nelson,23
32,Paul,Carter,27
33,Linda,Mitchell,35
34,Angela,Perez,40
35,Thomas,Roberts,38
36,Carol,Campbell,29
37,Steven,Phillips,32
38,Laura,Evans,33
39,Andrew,Turner,27
40,Sharon,Torres,28
41,Jonathan,Parker,31
42,Michelle,Collins,25
43,Craig,Edwards,36
44,Donna,Stewart,42
45,Samuel,Flores,24
46,Nancy,Lee,37
47,Daniel,White,30
48,Betty,Clark,29
49,Gary,Harris,45
50,Helen,Martin,26
51,Edward,Jackson,28
52,Debra,Young,34
53,Ronald,Hall,41
54,Jennifer,King,32
55,George,Wright,38
56,Susan,Scott,27
57,Steven,Green,31
58,Donna,Adams,35
59,Paul,Baker,33
60,Shirley,Gonzalez,24
61,Carol,Nelson,40
62,Larry,Carter,22
63,Barbara,Mitchell,31
64,James,Perez,37
65,Linda,Roberts,29
66,Elizabeth,Campbell,26
67,Michael,Phillips,42
68,Patricia,Evans,36
69,Mark,Turner,39
70,Mary,Torres,34
71,William,Parker,45
72,Jennifer,Collins,30
73,Richard,Edwards,43
74,Karen,Stewart,28
75,Joseph,Flores,25
76,Lisa,Lee,33
77,Thomas,White,27
78,Sandra,Clark,32
79,Charles,Harris,41
80,Kathleen,Martin,29
81,Donald,Jackson,35
82,Michelle,Young,38
83,Kevin,Hall,30
84,Laura,King,34
85,Helen,Wright,37
86,Brian,Scott,31
87,Diana,Green,40
88,Edward,Adams,26
89,Julie,Baker,24
90,George,Gonzalez,27
91,Betty,Nelson,36
92,Gary,Carter,39
93,Lisa,Mitchell,28
94,Steven,Perez,33
95,Patricia,Roberts,42
96,Jeffrey,Campbell,29
97,Karen,Phillips,31
98,Larry,Evans,35
99,Sharon,Turner,43
100,Douglas,Torres,38
1,James,Smith,28
2,Mary,Johnson,34
3,Robert,Williams,45
4,Patricia,Brown,30
5,John,Jones,25
6,Jennifer,Garcia,32
7,Michael,Miller,40
8,Linda,Davis,29
9,William,Rodriguez,37
10,Elizabeth,Martinez,26
11,David,Taylor,21
12,Barbara,Thomas,23
13,Richard,Jackson,36
14,Susan,White,41
15,Joseph,Harris,29
16,Margaret,Lee,35
17,Charles,Clark,33
18,Jessica,Lewis,27
19,Thomas,Walker,31
20,Sarah,Robinson,24
21,Karen,Hall,28
22,Brian,Young,30
23,Nancy,Allen,22
24,Gary,King,34
25,Diane,Wright,39
26,Lisa,Scott,26
27,Kevin,Green,42
28,Edward,Adams,37
29,Deborah,Baker,31
30,Mark,Gonzalez,45
31,Jennifer,Nelson,23
32,Paul,Carter,27
33,Linda,Mitchell,35
34,Angela,Perez,40
35,Thomas,Roberts,38
36,Carol,Campbell,29
37,Steven,Phillips,32
38,Laura,Evans,33
39,Andrew,Turner,27
40,Sharon,Torres,28
41,Jonathan,Parker,31
42,Michelle,Collins,25
43,Craig,Edwards,36
44,Donna,Stewart,42
45,Samuel,Flores,24
46,Nancy,Lee,37
47,Daniel,White,30
48,Betty,Clark,29
49,Gary,Harris,45
50,Helen,Martin,26
51,Edward,Jackson,28
52,Debra,Young,34
53,Ronald,Hall,41
54,Jennifer,King,32
55,George,Wright,38
56,Susan,Scott,27
57,Steven,Green,31
58,Donna,Adams,35
59,Paul,Baker,33
60,Shirley,Gonzalez,24
61,Carol,Nelson,40
62,Larry,Carter,22
63,Barbara,Mitchell,31
64,James,Perez,37
65,Linda,Roberts,29
66,Elizabeth,Campbell,26
67,Michael,Phillips,42
68,Patricia,Evans,36
69,Mark,Turner,39
70,Mary,Torres,34
71,William,Parker,45
72,Jennifer,Collins,30
73,Richard,Edwards,43
74,Karen,Stewart,28
75,Joseph,Flores,25
76,Lisa,Lee,33
77,Thomas,White,27
78,Sandra,Clark,32
79,Charles,Harris,41
80,Kathleen,Martin,29
81,Donald,Jackson,35
82,Michelle,Young,38
83,Kevin,Hall,30
84,Laura,King,34
85,Helen,Wright,37
86,Brian,Scott,31
87,Diana,Green,40
88,Edward,Adams,26
89,Julie,Baker,24
90,George,Gonzalez,27
91,Betty,Nelson,36
92,Gary,Carter,39
93,Lisa,Mitchell,28
94,Steven,Perez,33
95,Patricia,Roberts,42
96,Jeffrey,Campbell,29
97,Karen,Phillips,31
98,Larry,Evans,35
99,Sharon,Turner,43
100,Douglas,Torres,38